TimeStamp,NYA_DCS_G6710A_Cylinder_12,NYA_DCS_G6710A_Intake_Manifold,CLUSTER,OVER_BY,HEALTH
2022-01-01 00:00:00+07:00,879.27,113.65,1,0.0,100.0
2022-01-01 01:00:00+07:00,881.01,116.51,1,0.0,100.0
2022-01-01 02:00:00+07:00,878.9,113.62,1,0.0,100.0
2022-01-01 03:00:00+07:00,875.33,109.73,1,0.0,100.0
2022-01-01 04:00:00+07:00,875.75,109.4,1,0.0,100.0
2022-01-01 05:00:00+07:00,875.96,109.4,1,0.0,100.0
2022-01-01 06:00:00+07:00,874.19,109.4,1,0.0,100.0
2022-01-01 07:00:00+07:00,872.99,109.47,1,0.0,100.0
2022-01-01 08:00:00+07:00,875.18,112.69,1,0.0,100.0
2022-01-01 09:00:00+07:00,879.26,116.26,1,0.0,100.0
2022-01-01 10:00:00+07:00,879.63,119.49,1,0.0,100.0
2022-01-01 11:00:00+07:00,881.13,121.61,1,0.0,100.0
2022-01-01 12:00:00+07:00,882.24,122.31,1,0.0,100.0
2022-01-01 13:00:00+07:00,883.19,122.73,1,0.0,100.0
2022-01-01 14:00:00+07:00,883.66,123.43,1,0.0,100.0
2022-01-01 15:00:00+07:00,880.43,119.61,1,0.0,100.0
2022-01-01 16:00:00+07:00,882.06,121.07,1,0.0,100.0
2022-01-01 17:00:00+07:00,880.88,117.38,1,0.0,100.0
2022-01-01 18:00:00+07:00,877.89,114.22,1,0.0,100.0
2022-01-01 19:00:00+07:00,877.97,114.57,1,0.0,100.0
2022-01-01 20:00:00+07:00,878.5,116.29,1,0.0,100.0
2022-01-01 21:00:00+07:00,881.54,118.29,1,0.0,100.0
2022-01-01 22:00:00+07:00,881.84,119.2,1,0.0,100.0
2022-01-01 23:00:00+07:00,882.85,119.55,1,0.0,100.0
2022-01-02 00:00:00+07:00,878.37,115.34,1,0.0,100.0
2022-01-02 01:00:00+07:00,878.96,115.21,1,0.0,100.0
2022-01-02 02:00:00+07:00,879.25,115.55,1,0.0,100.0
2022-01-02 03:00:00+07:00,875.59,111.96,1,0.0,100.0
2022-01-02 04:00:00+07:00,873.41,111.0,1,0.0,100.0
2022-01-02 05:00:00+07:00,868.83,110.04,1,0.0,100.0
2022-01-02 06:00:00+07:00,870.43,109.59,1,0.0,100.0
2022-01-02 07:00:00+07:00,868.04,109.55,1,0.0,100.0
2022-01-02 08:00:00+07:00,870.33,110.74,1,0.0,100.0
2022-01-02 14:00:00+07:00,900.18,125.17,1,0.0,100.0
2022-01-02 15:00:00+07:00,905.61,125.68,1,0.0,100.0
2022-01-02 16:00:00+07:00,900.5,117.99,1,0.0,100.0
2022-01-02 17:00:00+07:00,898.13,114.88,1,0.0,100.0
2022-01-02 18:00:00+07:00,895.03,112.67,1,0.0,100.0
2022-01-02 19:00:00+07:00,894.5,113.46,1,0.0,100.0
2022-01-02 20:00:00+07:00,892.28,113.07,1,0.0,100.0
2022-01-02 21:00:00+07:00,891.46,113.25,1,0.0,100.0
2022-01-02 22:00:00+07:00,889.74,113.12,1,0.0,100.0
2022-01-02 23:00:00+07:00,890.16,112.79,1,0.0,100.0
2022-01-03 00:00:00+07:00,889.7,112.41,1,0.0,100.0
2022-01-03 01:00:00+07:00,888.23,111.2,1,0.0,100.0
2022-01-03 02:00:00+07:00,886.85,109.99,1,0.0,100.0
2022-01-03 03:00:00+07:00,886.33,110.04,1,0.0,100.0
2022-01-03 04:00:00+07:00,886.71,109.97,1,0.0,100.0
2022-01-03 05:00:00+07:00,885.96,109.69,1,0.0,100.0
2022-01-03 06:00:00+07:00,887.63,110.72,1,0.0,100.0
2022-01-03 07:00:00+07:00,886.08,110.43,1,0.0,100.0
2022-01-03 08:00:00+07:00,884.54,111.2,1,0.0,100.0
2022-01-03 09:00:00+07:00,892.01,111.56,1,0.0,100.0
2022-01-03 10:00:00+07:00,892.76,114.27,1,0.0,100.0
2022-01-03 11:00:00+07:00,895.49,117.04,1,0.0,100.0
2022-01-03 12:00:00+07:00,898.08,123.8,1,0.0,100.0
2022-01-03 13:00:00+07:00,896.71,120.65,1,0.0,100.0
2022-01-03 14:00:00+07:00,900.94,125.75,1,0.0,100.0
2022-01-03 15:00:00+07:00,904.58,129.06,1,0.0,100.0
2022-01-03 16:00:00+07:00,902.94,128.81,1,0.0,100.0
2022-01-03 17:00:00+07:00,904.16,128.18,1,0.0,100.0
2022-01-03 18:00:00+07:00,902.85,125.7,1,0.0,100.0
2022-01-03 19:00:00+07:00,901.18,125.6,1,0.0,100.0
2022-01-03 20:00:00+07:00,902.32,125.6,1,0.0,100.0
2022-01-03 21:00:00+07:00,899.32,125.6,1,0.0,100.0
2022-01-03 22:00:00+07:00,897.41,125.34,1,0.0,100.0
2022-01-03 23:00:00+07:00,899.21,124.71,1,0.0,100.0
2022-01-04 00:00:00+07:00,899.23,123.89,1,0.0,100.0
2022-01-04 01:00:00+07:00,897.56,123.8,1,0.0,100.0
2022-01-04 02:00:00+07:00,900.11,124.45,1,0.0,100.0
2022-01-04 03:00:00+07:00,899.45,123.69,1,0.0,100.0
2022-01-04 04:00:00+07:00,899.49,124.68,1,0.0,100.0
2022-01-04 05:00:00+07:00,899.21,124.69,1,0.0,100.0
2022-01-04 06:00:00+07:00,897.54,123.49,1,0.0,100.0
2022-01-04 07:00:00+07:00,900.24,123.49,1,0.0,100.0
2022-01-04 08:00:00+07:00,899.96,124.15,1,0.0,100.0
2022-01-04 09:00:00+07:00,898.37,122.21,1,0.0,100.0
2022-01-04 10:00:00+07:00,888.48,109.78,1,0.0,100.0
2022-01-04 11:00:00+07:00,892.03,113.74,1,0.0,100.0
2022-01-04 12:00:00+07:00,890.32,112.11,1,0.0,100.0
2022-01-04 13:00:00+07:00,891.77,111.64,1,0.0,100.0
2022-01-04 14:00:00+07:00,892.87,114.37,1,0.0,100.0
2022-01-04 15:00:00+07:00,891.97,111.2,1,0.0,100.0
2022-01-04 16:00:00+07:00,891.64,111.73,1,0.0,100.0
2022-01-04 17:00:00+07:00,893.86,113.29,1,0.0,100.0
2022-01-04 18:00:00+07:00,894.73,115.12,1,0.0,100.0
2022-01-04 19:00:00+07:00,891.46,113.7,1,0.0,100.0
2022-01-04 20:00:00+07:00,891.32,113.81,1,0.0,100.0
2022-01-04 21:00:00+07:00,892.74,114.99,1,0.0,100.0
2022-01-04 22:00:00+07:00,895.78,119.26,1,0.0,100.0
2022-01-04 23:00:00+07:00,895.7,121.09,1,0.0,100.0
2022-01-05 00:00:00+07:00,896.94,123.3,1,0.0,100.0
2022-01-05 01:00:00+07:00,897.96,123.41,1,0.0,100.0
2022-01-05 02:00:00+07:00,897.23,123.11,1,0.0,100.0
2022-01-05 03:00:00+07:00,891.96,117.04,1,0.0,100.0
2022-01-05 04:00:00+07:00,888.86,113.53,1,0.0,100.0
2022-01-05 05:00:00+07:00,888.21,111.9,1,0.0,100.0
2022-01-05 06:00:00+07:00,884.13,112.28,1,0.0,100.0
2022-01-05 07:00:00+07:00,887.08,113.02,1,0.0,100.0
2022-01-05 08:00:00+07:00,888.17,114.19,1,0.0,100.0
2022-01-05 09:00:00+07:00,885.37,114.8,1,0.0,100.0
2022-01-05 10:00:00+07:00,889.67,115.75,1,0.0,100.0
2022-01-05 11:00:00+07:00,885.28,112.28,1,0.0,100.0
2022-01-05 12:00:00+07:00,888.22,113.61,1,0.0,100.0
2022-01-05 13:00:00+07:00,890.84,115.87,1,0.0,100.0
2022-01-05 14:00:00+07:00,893.53,116.13,1,0.0,100.0
2022-01-05 15:00:00+07:00,890.11,117.52,1,0.0,100.0
2022-01-05 16:00:00+07:00,893.77,117.7,1,0.0,100.0
2022-01-05 17:00:00+07:00,891.95,116.52,1,0.0,100.0
2022-01-05 18:00:00+07:00,894.45,118.5,1,0.0,100.0
2022-01-05 19:00:00+07:00,897.06,120.32,1,0.0,100.0
2022-01-05 20:00:00+07:00,894.53,119.82,1,0.0,100.0
2022-01-05 21:00:00+07:00,895.92,121.55,1,0.0,100.0
2022-01-05 22:00:00+07:00,893.28,119.27,1,0.0,100.0
2022-01-05 23:00:00+07:00,889.36,115.87,1,0.0,100.0
2022-01-06 00:00:00+07:00,888.86,114.82,1,0.0,100.0
2022-01-06 01:00:00+07:00,883.13,114.89,1,0.0,100.0
2022-01-06 02:00:00+07:00,879.59,115.59,1,0.0,100.0
2022-01-06 03:00:00+07:00,882.82,118.49,1,0.0,100.0
2022-01-06 04:00:00+07:00,882.76,119.19,1,0.0,100.0
2022-01-06 05:00:00+07:00,883.28,118.98,1,0.0,100.0
2022-01-06 06:00:00+07:00,881.8,119.79,1,0.0,100.0
2022-01-06 07:00:00+07:00,883.92,120.96,1,0.0,100.0
2022-01-06 08:00:00+07:00,887.98,122.84,1,0.0,100.0
2022-01-06 09:00:00+07:00,885.91,120.95,1,0.0,100.0
2022-01-06 10:00:00+07:00,886.76,121.21,1,0.0,100.0
2022-01-06 11:00:00+07:00,880.73,115.44,1,0.0,100.0
2022-01-06 12:00:00+07:00,880.47,114.76,1,0.0,100.0
2022-01-06 13:00:00+07:00,881.13,115.11,1,0.0,100.0
2022-01-06 14:00:00+07:00,881.35,114.44,1,0.0,100.0
2022-01-06 15:00:00+07:00,883.16,118.4,1,0.0,100.0
2022-01-06 16:00:00+07:00,889.9,127.21,1,0.0,100.0
2022-01-06 17:00:00+07:00,890.33,126.93,1,0.0,100.0
2022-01-06 18:00:00+07:00,890.26,125.64,1,0.0,100.0
2022-01-06 19:00:00+07:00,891.38,125.95,1,0.0,100.0
2022-01-06 20:00:00+07:00,892.17,126.87,1,0.0,100.0
2022-01-06 21:00:00+07:00,892.1,125.71,1,0.0,100.0
2022-01-06 22:00:00+07:00,892.24,125.46,1,0.0,100.0
2022-01-06 23:00:00+07:00,892.88,125.69,1,0.0,100.0
2022-01-07 00:00:00+07:00,890.94,125.76,1,0.0,100.0
2022-01-07 01:00:00+07:00,891.34,125.99,1,0.0,100.0
2022-01-07 02:00:00+07:00,891.67,126.5,1,0.0,100.0
2022-01-07 03:00:00+07:00,893.04,126.8,1,0.0,100.0
2022-01-07 04:00:00+07:00,892.33,126.75,1,0.0,100.0
2022-01-07 05:00:00+07:00,890.28,125.71,1,0.0,100.0
2022-01-07 06:00:00+07:00,891.36,127.15,1,0.0,100.0
2022-01-07 07:00:00+07:00,891.81,126.89,1,0.0,100.0
2022-01-07 08:00:00+07:00,893.19,128.7,1,0.0,100.0
2022-01-07 09:00:00+07:00,893.51,129.29,1,0.0,100.0
2022-01-07 10:00:00+07:00,896.94,129.54,1,0.0,100.0
2022-01-07 11:00:00+07:00,897.27,130.91,1,0.0,100.0
2022-01-07 13:00:00+07:00,898.13,131.13,1,0.0,100.0
2022-01-07 14:00:00+07:00,898.4,130.8,1,0.0,100.0
2022-01-07 15:00:00+07:00,900.06,130.65,1,0.0,100.0
2022-01-07 16:00:00+07:00,901.26,130.32,1,0.0,100.0
2022-01-07 17:00:00+07:00,898.88,129.24,1,0.0,100.0
2022-01-07 18:00:00+07:00,895.25,127.68,1,0.0,100.0
2022-01-07 19:00:00+07:00,895.63,127.57,1,0.0,100.0
2022-01-07 20:00:00+07:00,893.96,127.45,1,0.0,100.0
2022-01-07 21:00:00+07:00,893.07,127.31,1,0.0,100.0
2022-01-07 22:00:00+07:00,894.68,127.59,1,0.0,100.0
2022-01-07 23:00:00+07:00,894.02,127.55,1,0.0,100.0
2022-01-08 00:00:00+07:00,894.33,127.9,1,0.0,100.0
2022-01-08 01:00:00+07:00,893.19,127.2,1,0.0,100.0
2022-01-08 02:00:00+07:00,893.4,127.18,1,0.0,100.0
2022-01-08 03:00:00+07:00,894.83,127.27,1,0.0,100.0
2022-01-08 04:00:00+07:00,895.07,127.72,1,0.0,100.0
2022-01-08 05:00:00+07:00,894.27,127.4,1,0.0,100.0
2022-01-08 06:00:00+07:00,892.08,125.93,1,0.0,100.0
2022-01-08 07:00:00+07:00,894.18,126.05,1,0.0,100.0
2022-01-08 08:00:00+07:00,888.32,125.34,1,0.0,100.0
2022-01-08 09:00:00+07:00,892.43,123.89,1,0.0,100.0
2022-01-08 10:00:00+07:00,888.68,123.8,1,0.0,100.0
2022-01-08 11:00:00+07:00,889.51,124.27,1,0.0,100.0
2022-01-08 12:00:00+07:00,890.32,125.41,1,0.0,100.0
2022-01-08 13:00:00+07:00,891.04,124.94,1,0.0,100.0
2022-01-08 14:00:00+07:00,876.88,125.59,1,0.0,100.0
2022-01-08 16:00:00+07:00,896.09,125.6,1,0.0,100.0
2022-01-08 17:00:00+07:00,892.49,124.24,1,0.0,100.0
2022-01-08 18:00:00+07:00,889.68,123.42,1,0.0,100.0
2022-01-08 19:00:00+07:00,890.0,122.2,1,0.0,100.0
2022-01-08 20:00:00+07:00,892.16,122.46,1,0.0,100.0
2022-01-08 21:00:00+07:00,892.55,120.74,1,0.0,100.0
2022-01-08 22:00:00+07:00,889.42,120.21,1,0.0,100.0
2022-01-08 23:00:00+07:00,887.94,120.2,1,0.0,100.0
2022-01-09 00:00:00+07:00,891.43,119.82,1,0.0,100.0
2022-01-09 01:00:00+07:00,889.49,119.78,1,0.0,100.0
2022-01-09 02:00:00+07:00,887.75,118.12,1,0.0,100.0
2022-01-09 03:00:00+07:00,889.78,118.16,1,0.0,100.0
2022-01-09 04:00:00+07:00,889.74,117.99,1,0.0,100.0
2022-01-09 05:00:00+07:00,889.81,118.49,1,0.0,100.0
2022-01-09 06:00:00+07:00,891.14,120.19,1,0.0,100.0
2022-01-09 07:00:00+07:00,890.98,120.53,1,0.0,100.0
2022-01-09 08:00:00+07:00,891.65,121.04,1,0.0,100.0
2022-01-09 09:00:00+07:00,889.83,121.32,1,0.0,100.0
2022-01-09 10:00:00+07:00,891.71,120.92,1,0.0,100.0
2022-01-09 11:00:00+07:00,893.53,122.12,1,0.0,100.0
2022-01-09 12:00:00+07:00,897.25,123.39,1,0.0,100.0
2022-01-09 13:00:00+07:00,860.57,122.34,1,0.0,100.0
2022-01-09 14:00:00+07:00,904.02,126.94,1,0.0,100.0
2022-01-09 15:00:00+07:00,901.0,128.56,1,0.0,100.0
2022-01-09 16:00:00+07:00,899.84,128.71,1,0.0,100.0
2022-01-09 17:00:00+07:00,899.71,126.69,1,0.0,100.0
2022-01-09 18:00:00+07:00,898.31,124.89,1,0.0,100.0
2022-01-09 19:00:00+07:00,902.12,124.92,1,0.0,100.0
2022-01-09 20:00:00+07:00,889.25,122.93,1,0.0,100.0
2022-01-09 21:00:00+07:00,895.03,122.76,1,0.0,100.0
2022-01-09 22:00:00+07:00,889.58,120.73,1,0.0,100.0
2022-01-09 23:00:00+07:00,888.43,122.2,1,0.0,100.0
2022-01-10 00:00:00+07:00,890.23,122.06,1,0.0,100.0
2022-01-10 01:00:00+07:00,890.68,123.28,1,0.0,100.0
2022-01-10 02:00:00+07:00,892.88,122.13,1,0.0,100.0
2022-01-10 03:00:00+07:00,889.42,120.94,1,0.0,100.0
2022-01-10 04:00:00+07:00,884.14,116.15,1,0.0,100.0
2022-01-10 05:00:00+07:00,883.28,116.75,1,0.0,100.0
2022-01-10 06:00:00+07:00,886.6,121.45,1,0.0,100.0
2022-01-10 07:00:00+07:00,889.43,123.72,1,0.0,100.0
2022-01-10 08:00:00+07:00,891.26,125.23,1,0.0,100.0
2022-01-10 09:00:00+07:00,896.7,122.46,1,0.0,100.0
2022-01-10 10:00:00+07:00,895.03,120.51,1,0.0,100.0
2022-01-10 11:00:00+07:00,901.96,125.01,1,0.0,100.0
2022-01-10 12:00:00+07:00,905.18,126.94,1,0.0,100.0
2022-01-10 13:00:00+07:00,905.12,126.13,1,0.0,100.0
2022-01-10 14:00:00+07:00,902.64,121.83,1,0.0,100.0
2022-01-10 15:00:00+07:00,899.07,120.31,1,0.0,100.0
2022-01-10 16:00:00+07:00,895.52,121.62,1,0.0,100.0
2022-01-10 17:00:00+07:00,894.96,121.05,1,0.0,100.0
2022-01-10 18:00:00+07:00,892.87,119.87,1,0.0,100.0
2022-01-10 19:00:00+07:00,895.46,122.31,1,0.0,100.0
2022-01-10 20:00:00+07:00,896.43,124.31,1,0.0,100.0
2022-01-10 21:00:00+07:00,899.6,124.79,1,0.0,100.0
2022-01-10 22:00:00+07:00,899.75,124.77,1,0.0,100.0
2022-01-10 23:00:00+07:00,893.32,120.39,1,0.0,100.0
2022-01-11 00:00:00+07:00,885.94,115.6,1,0.0,100.0
2022-01-11 01:00:00+07:00,885.36,115.3,1,0.0,100.0
2022-01-11 02:00:00+07:00,891.79,120.26,1,0.0,100.0
2022-01-11 03:00:00+07:00,884.28,115.38,1,0.0,100.0
2022-01-11 04:00:00+07:00,887.77,118.31,1,0.0,100.0
2022-01-11 05:00:00+07:00,890.83,119.84,1,0.0,100.0
2022-01-11 06:00:00+07:00,890.17,119.35,1,0.0,100.0
2022-01-11 07:00:00+07:00,891.55,120.91,1,0.0,100.0
2022-01-11 08:00:00+07:00,891.91,123.14,1,0.0,100.0
2022-01-11 09:00:00+07:00,893.08,125.37,1,0.0,100.0
2022-01-11 10:00:00+07:00,895.32,127.15,1,0.0,100.0
2022-01-11 11:00:00+07:00,896.2,127.06,1,0.0,100.0
2022-01-11 12:00:00+07:00,892.75,122.67,1,0.0,100.0
2022-01-11 13:00:00+07:00,895.01,126.14,1,0.0,100.0
2022-01-11 14:00:00+07:00,894.3,124.13,1,0.0,100.0
2022-01-11 15:00:00+07:00,891.38,120.11,1,0.0,100.0
2022-01-11 16:00:00+07:00,895.2,125.57,1,0.0,100.0
2022-01-11 17:00:00+07:00,894.52,124.89,1,0.0,100.0
2022-01-11 18:00:00+07:00,896.19,124.14,1,0.0,100.0
2022-01-11 19:00:00+07:00,895.44,120.68,1,0.0,100.0
2022-01-11 20:00:00+07:00,899.09,125.68,1,0.0,100.0
2022-01-11 21:00:00+07:00,897.4,123.94,1,0.0,100.0
2022-01-11 22:00:00+07:00,894.04,120.5,1,0.0,100.0
2022-01-11 23:00:00+07:00,884.69,120.18,1,0.0,100.0
2022-01-12 00:00:00+07:00,894.53,118.84,1,0.0,100.0
2022-01-12 01:00:00+07:00,894.95,118.65,1,0.0,100.0
2022-01-12 02:00:00+07:00,890.55,115.03,1,0.0,100.0
2022-01-12 03:00:00+07:00,887.59,114.88,1,0.0,100.0
2022-01-12 04:00:00+07:00,890.53,117.3,1,0.0,100.0
2022-01-12 05:00:00+07:00,892.36,120.51,1,0.0,100.0
2022-01-12 10:00:00+07:00,826.01,118.39,1,0.37,95.48
2022-01-12 11:00:00+07:00,897.69,126.3,1,0.0,100.0
2022-01-12 12:00:00+07:00,893.27,128.09,1,0.0,100.0
2022-01-12 13:00:00+07:00,880.31,127.3,1,0.0,100.0
2022-01-12 16:00:00+07:00,870.2,126.32,1,0.0,100.0
2022-01-12 17:00:00+07:00,864.71,123.8,1,0.0,100.0
2022-01-12 19:00:00+07:00,860.56,123.67,1,0.0,100.0
2022-01-12 20:00:00+07:00,865.45,123.8,1,0.0,100.0
2022-01-12 22:00:00+07:00,862.64,122.55,1,0.0,100.0
2022-01-12 23:00:00+07:00,862.61,121.26,1,0.0,100.0
2022-01-13 00:00:00+07:00,860.75,118.18,1,0.0,100.0
2022-01-13 01:00:00+07:00,858.33,114.45,1,0.0,100.0
2022-01-13 02:00:00+07:00,857.29,111.14,1,0.02,99.75
2022-01-13 03:00:00+07:00,853.12,109.92,1,0.14,98.27
2022-01-13 04:00:00+07:00,849.89,107.89,1,0.3,96.32
2022-01-13 05:00:00+07:00,857.49,112.59,1,0.0,100.0
2022-01-13 06:00:00+07:00,856.74,112.82,1,0.0,100.0
2022-01-13 07:00:00+07:00,848.75,112.56,1,0.08,99.0
2022-01-13 09:00:00+07:00,849.1,120.05,1,0.0,100.0
2022-01-13 10:00:00+07:00,848.68,119.35,1,0.0,100.0
2022-01-13 11:00:00+07:00,849.31,121.79,1,0.0,100.0
2022-01-13 13:00:00+07:00,851.23,123.59,1,0.0,100.0
2022-01-13 14:00:00+07:00,851.94,122.58,1,0.0,100.0
2022-01-13 16:00:00+07:00,850.14,122.84,1,0.0,100.0
2022-01-13 17:00:00+07:00,849.74,121.25,1,0.0,100.0
2022-01-13 18:00:00+07:00,851.38,120.45,1,0.0,100.0
2022-01-13 19:00:00+07:00,855.0,121.12,1,0.0,100.0
2022-01-13 20:00:00+07:00,854.42,122.58,1,0.0,100.0
2022-01-13 21:00:00+07:00,854.53,122.48,1,0.0,100.0
2022-01-13 22:00:00+07:00,856.44,123.88,1,0.0,100.0
2022-01-13 23:00:00+07:00,854.97,122.42,1,0.0,100.0
2022-01-14 00:00:00+07:00,854.89,122.89,1,0.0,100.0
2022-01-14 01:00:00+07:00,851.21,122.67,1,0.0,100.0
2022-01-14 02:00:00+07:00,849.6,122.57,1,0.0,100.0
2022-01-14 03:00:00+07:00,845.49,121.66,1,0.01,99.88
2022-01-14 04:00:00+07:00,846.45,121.63,1,0.0,100.0
2022-01-14 05:00:00+07:00,845.51,119.67,1,0.0,100.0
2022-01-14 06:00:00+07:00,841.35,116.05,1,0.1,98.76
2022-01-14 07:00:00+07:00,843.49,118.19,1,0.04,99.5
2022-01-14 12:00:00+07:00,858.39,125.38,1,0.0,100.0
2022-01-14 13:00:00+07:00,855.31,125.72,1,0.0,100.0
2022-01-14 14:00:00+07:00,859.46,126.51,1,0.0,100.0
2022-01-14 15:00:00+07:00,859.94,122.51,1,0.0,100.0
2022-01-14 16:00:00+07:00,862.42,122.29,1,0.0,100.0
2022-01-14 17:00:00+07:00,859.56,120.25,1,0.0,100.0
2022-01-14 18:00:00+07:00,860.3,122.0,1,0.0,100.0
2022-01-14 19:00:00+07:00,861.46,124.55,1,0.0,100.0
2022-01-14 20:00:00+07:00,863.25,124.25,1,0.0,100.0
2022-01-14 21:00:00+07:00,863.24,124.61,1,0.0,100.0
2022-01-14 22:00:00+07:00,860.79,124.1,1,0.0,100.0
2022-01-14 23:00:00+07:00,859.7,124.02,1,0.0,100.0
2022-01-15 00:00:00+07:00,861.45,124.08,1,0.0,100.0
2022-01-15 02:00:00+07:00,863.08,123.75,1,0.0,100.0
2022-01-15 03:00:00+07:00,861.16,122.72,1,0.0,100.0
2022-01-15 04:00:00+07:00,862.48,122.33,1,0.0,100.0
2022-01-15 05:00:00+07:00,861.87,122.25,1,0.0,100.0
2022-01-15 06:00:00+07:00,860.75,122.03,1,0.0,100.0
2022-01-15 07:00:00+07:00,859.98,121.32,1,0.0,100.0
2022-01-15 08:00:00+07:00,862.42,123.49,1,0.0,100.0
2022-01-15 09:00:00+07:00,861.65,123.1,1,0.0,100.0
2022-01-15 10:00:00+07:00,860.6,124.24,1,0.0,100.0
2022-01-15 11:00:00+07:00,863.58,125.73,1,0.0,100.0
2022-01-15 12:00:00+07:00,862.41,125.77,1,0.0,100.0
2022-01-15 13:00:00+07:00,861.91,126.7,1,0.0,100.0
2022-01-15 14:00:00+07:00,862.18,126.53,1,0.0,100.0
2022-01-15 16:00:00+07:00,864.98,127.03,1,0.0,100.0
2022-01-15 18:00:00+07:00,862.7,123.93,1,0.0,100.0
2022-01-15 20:00:00+07:00,860.79,122.76,1,0.0,100.0
2022-01-15 21:00:00+07:00,861.5,123.87,1,0.0,100.0
2022-01-15 22:00:00+07:00,860.03,123.92,1,0.0,100.0
2022-01-15 23:00:00+07:00,859.9,123.8,1,0.0,100.0
2022-01-16 00:00:00+07:00,861.03,123.5,1,0.0,100.0
2022-01-16 01:00:00+07:00,860.39,123.46,1,0.0,100.0
2022-01-16 02:00:00+07:00,859.3,123.42,1,0.0,100.0
2022-01-16 05:00:00+07:00,858.98,123.78,1,0.0,100.0
2022-01-16 06:00:00+07:00,860.95,123.37,1,0.0,100.0
2022-01-16 09:00:00+07:00,862.53,124.43,1,0.0,100.0
2022-01-16 10:00:00+07:00,860.96,124.01,1,0.0,100.0
2022-01-16 11:00:00+07:00,861.96,124.47,1,0.0,100.0
2022-01-16 13:00:00+07:00,861.16,125.6,1,0.0,100.0
2022-01-16 15:00:00+07:00,863.37,125.57,1,0.0,100.0
2022-01-16 16:00:00+07:00,863.88,125.71,1,0.0,100.0
2022-01-16 18:00:00+07:00,861.77,123.65,1,0.0,100.0
2022-01-16 19:00:00+07:00,862.91,122.16,1,0.0,100.0
2022-01-16 20:00:00+07:00,861.35,121.78,1,0.0,100.0
2022-01-16 21:00:00+07:00,859.47,122.04,1,0.0,100.0
2022-01-16 23:00:00+07:00,859.22,121.96,1,0.0,100.0
2022-01-17 01:00:00+07:00,860.99,122.49,1,0.0,100.0
2022-01-17 04:00:00+07:00,861.07,122.2,1,0.0,100.0
2022-01-17 05:00:00+07:00,860.96,121.94,1,0.0,100.0
2022-01-17 06:00:00+07:00,859.87,120.2,1,0.0,100.0
2022-01-17 07:00:00+07:00,861.65,120.66,1,0.0,100.0
2022-01-17 08:00:00+07:00,855.97,120.73,1,0.0,100.0
2022-01-17 09:00:00+07:00,853.93,121.92,1,0.0,100.0
2022-01-17 10:00:00+07:00,850.97,123.16,1,0.0,100.0
2022-01-17 11:00:00+07:00,852.31,123.8,1,0.0,100.0
2022-01-17 12:00:00+07:00,853.76,124.22,1,0.0,100.0
2022-01-17 13:00:00+07:00,855.36,124.5,1,0.0,100.0
2022-01-17 17:00:00+07:00,888.51,124.89,1,0.0,100.0
2022-01-17 19:00:00+07:00,884.78,123.43,1,0.0,100.0
2022-01-17 20:00:00+07:00,891.19,123.43,1,0.0,100.0
2022-01-17 21:00:00+07:00,894.05,123.25,1,0.0,100.0
2022-01-17 22:00:00+07:00,888.64,122.3,1,0.0,100.0
2022-01-17 23:00:00+07:00,891.52,121.97,1,0.0,100.0
2022-01-18 01:00:00+07:00,894.15,114.95,1,0.0,100.0
2022-01-18 02:00:00+07:00,893.49,115.3,1,0.0,100.0
2022-01-18 04:00:00+07:00,895.83,115.08,1,0.0,100.0
2022-01-18 05:00:00+07:00,891.36,114.11,1,0.0,100.0
2022-01-18 06:00:00+07:00,894.11,116.06,1,0.0,100.0
2022-01-18 07:00:00+07:00,894.36,123.04,1,0.0,100.0
2022-01-18 08:00:00+07:00,881.17,123.85,1,0.0,100.0
2022-01-18 09:00:00+07:00,872.51,123.37,1,0.0,100.0
2022-01-18 10:00:00+07:00,874.56,122.35,1,0.0,100.0
2022-01-18 11:00:00+07:00,884.07,122.88,1,0.0,100.0
2022-01-18 14:00:00+07:00,888.05,122.84,1,0.0,100.0
2022-01-18 18:00:00+07:00,888.18,122.01,1,0.0,100.0
2022-01-18 19:00:00+07:00,888.89,121.96,1,0.0,100.0
2022-01-18 20:00:00+07:00,841.51,121.98,1,0.08,99.0
2022-01-18 22:00:00+07:00,843.56,121.64,1,0.04,99.5
2022-01-18 23:00:00+07:00,838.2,115.93,1,0.16,98.02
2022-01-19 00:00:00+07:00,835.41,112.96,1,0.28,96.56
2022-01-19 01:00:00+07:00,831.4,109.84,1,0.48,94.18
2022-01-19 02:00:00+07:00,830.46,108.01,1,0.59,92.89
2022-01-19 03:00:00+07:00,835.24,112.65,1,0.3,96.32
2022-01-19 04:00:00+07:00,840.79,118.79,1,0.08,99.0
2022-01-19 05:00:00+07:00,839.25,118.26,1,0.11,98.63
2022-01-19 06:00:00+07:00,839.37,115.69,1,0.14,98.27
2022-01-19 07:00:00+07:00,837.23,115.07,1,0.19,97.65
2022-01-19 08:00:00+07:00,839.15,118.95,1,0.11,98.63
2022-01-19 09:00:00+07:00,842.69,119.31,1,0.05,99.38
2022-01-19 10:00:00+07:00,841.29,120.59,1,0.07,99.13
2022-01-19 12:00:00+07:00,839.44,119.08,1,0.11,98.63
2022-01-19 13:00:00+07:00,836.05,112.88,1,0.27,96.68
2022-01-19 14:00:00+07:00,832.47,109.85,1,0.46,94.41
2022-01-19 15:00:00+07:00,829.57,106.29,1,0.72,91.39
2022-01-19 16:00:00+07:00,829.7,109.48,1,0.53,93.59
2022-01-19 17:00:00+07:00,824.99,105.44,1,0.85,89.92
2022-01-19 18:00:00+07:00,832.6,110.89,1,0.41,95.0
2022-01-19 19:00:00+07:00,829.69,110.13,1,0.5,93.94
2022-01-19 20:00:00+07:00,829.53,113.2,1,0.38,95.36
2022-01-19 21:00:00+07:00,826.67,108.62,1,0.63,92.43
2022-01-19 22:00:00+07:00,821.21,103.49,1,1.07,87.48
2022-01-19 23:00:00+07:00,820.37,104.0,1,1.04,87.81
2022-01-20 00:00:00+07:00,823.44,104.45,1,0.95,88.8
2022-01-20 01:00:00+07:00,825.22,105.87,1,0.82,90.26
2022-01-20 02:00:00+07:00,831.81,111.11,1,0.42,94.89
2022-01-20 03:00:00+07:00,837.29,117.29,1,0.16,98.02
2022-01-20 04:00:00+07:00,839.35,118.03,1,0.11,98.63
2022-01-20 05:00:00+07:00,839.22,119.21,1,0.11,98.63
2022-01-20 06:00:00+07:00,840.46,118.42,1,0.09,98.88
2022-01-20 07:00:00+07:00,839.49,117.05,1,0.12,98.51
2022-01-20 08:00:00+07:00,840.3,118.78,1,0.09,98.88
2022-01-20 09:00:00+07:00,844.16,120.38,1,0.02,99.75
2022-01-20 10:00:00+07:00,843.36,122.23,1,0.05,99.38
2022-01-20 11:00:00+07:00,844.03,123.0,1,0.05,99.38
2022-01-20 12:00:00+07:00,842.13,120.72,1,0.06,99.25
2022-01-20 14:00:00+07:00,839.95,115.35,1,0.14,98.27
2022-01-20 15:00:00+07:00,824.9,115.13,1,0.42,94.89
2022-01-20 16:00:00+07:00,829.75,113.51,1,0.37,95.48
2022-01-20 19:00:00+07:00,837.39,117.7,1,0.15,98.14
2022-01-20 20:00:00+07:00,838.28,121.01,1,0.13,98.39
2022-01-20 21:00:00+07:00,838.63,119.0,1,0.12,98.51
2022-01-20 22:00:00+07:00,837.24,119.98,1,0.15,98.14
2022-01-20 23:00:00+07:00,837.41,118.72,1,0.14,98.27
2022-01-21 00:00:00+07:00,840.79,119.43,1,0.08,99.0
2022-01-21 01:00:00+07:00,835.07,115.28,1,0.23,97.17
2022-01-21 02:00:00+07:00,832.91,114.09,1,0.29,96.44
2022-01-21 03:00:00+07:00,831.08,110.55,1,0.45,94.53
2022-01-21 04:00:00+07:00,830.23,108.73,1,0.56,93.24
2022-01-21 05:00:00+07:00,832.67,111.54,1,0.38,95.36
2022-01-21 06:00:00+07:00,830.9,113.3,1,0.35,95.72
2022-01-21 07:00:00+07:00,831.58,112.91,1,0.35,95.72
2022-01-21 08:00:00+07:00,833.94,117.37,1,0.22,97.29
2022-01-21 09:00:00+07:00,836.53,119.04,1,0.16,98.02
2022-01-21 11:00:00+07:00,838.97,119.64,1,0.11,98.63
2022-01-21 13:00:00+07:00,832.89,113.47,1,0.31,96.2
2022-01-21 14:00:00+07:00,836.45,118.49,1,0.16,98.02
2022-01-21 15:00:00+07:00,836.52,121.49,1,0.17,97.9
2022-01-21 16:00:00+07:00,838.32,118.38,1,0.13,98.39
2022-01-21 17:00:00+07:00,836.29,116.17,1,0.19,97.65
2022-01-21 18:00:00+07:00,840.4,120.02,1,0.09,98.88
2022-01-21 19:00:00+07:00,839.29,119.14,1,0.11,98.63
2022-01-21 22:00:00+07:00,837.55,120.29,1,0.14,98.27
2022-01-21 23:00:00+07:00,838.1,120.2,1,0.13,98.39
2022-01-22 00:00:00+07:00,837.06,120.16,1,0.15,98.14
2022-01-22 01:00:00+07:00,836.69,120.2,1,0.16,98.02
2022-01-22 02:00:00+07:00,836.91,120.23,1,0.16,98.02
2022-01-22 03:00:00+07:00,835.54,118.3,1,0.18,97.78
2022-01-22 04:00:00+07:00,836.6,117.81,1,0.16,98.02
2022-01-22 05:00:00+07:00,831.16,111.39,1,0.42,94.89
2022-01-22 06:00:00+07:00,825.14,108.38,1,0.67,91.97
2022-01-22 07:00:00+07:00,832.45,113.55,1,0.32,96.08
2022-01-22 08:00:00+07:00,835.29,116.99,1,0.2,97.53
2022-01-22 09:00:00+07:00,835.27,116.06,1,0.21,97.41
2022-01-22 10:00:00+07:00,827.1,110.42,1,0.53,93.59
2022-01-22 11:00:00+07:00,828.37,109.18,1,0.57,93.12
2022-01-22 12:00:00+07:00,830.64,111.59,1,0.42,94.89
2022-01-22 13:00:00+07:00,831.41,112.4,1,0.37,95.48
2022-01-22 15:00:00+07:00,830.07,110.55,1,0.47,94.29
2022-01-22 16:00:00+07:00,830.21,110.55,1,0.47,94.29
2022-01-22 17:00:00+07:00,832.64,110.18,1,0.44,94.65
2022-01-22 18:00:00+07:00,832.51,112.01,1,0.37,95.48
2022-01-22 20:00:00+07:00,838.92,119.43,1,0.11,98.63
2022-01-22 21:00:00+07:00,839.75,120.2,1,0.1,98.76
2022-01-22 22:00:00+07:00,840.58,120.48,1,0.09,98.88
2022-01-22 23:00:00+07:00,839.48,120.28,1,0.11,98.63
2022-01-23 00:00:00+07:00,839.64,120.2,1,0.1,98.76
2022-01-23 01:00:00+07:00,837.81,119.97,1,0.14,98.27
2022-01-23 02:00:00+07:00,840.52,119.34,1,0.09,98.88
2022-01-23 03:00:00+07:00,837.19,116.8,1,0.16,98.02
2022-01-23 04:00:00+07:00,833.93,113.66,1,0.29,96.44
2022-01-23 06:00:00+07:00,826.11,107.6,1,0.69,91.74
2022-01-23 08:00:00+07:00,830.44,110.33,1,0.47,94.29
2022-01-23 09:00:00+07:00,837.63,116.61,1,0.16,98.02
2022-01-23 10:00:00+07:00,838.02,118.85,1,0.13,98.39
2022-01-23 13:00:00+07:00,843.95,121.45,1,0.03,99.63
2022-01-24 16:00:00+07:00,1014.81,131.08,1,0.0,100.0
2022-01-24 17:00:00+07:00,1012.75,131.04,1,0.0,100.0
2022-01-24 18:00:00+07:00,1012.86,128.96,1,0.0,100.0
2022-01-24 20:00:00+07:00,1013.43,129.33,1,0.0,100.0
2022-01-24 21:00:00+07:00,1012.4,128.95,1,0.0,100.0
2022-01-24 22:00:00+07:00,1010.9,128.04,1,0.0,100.0
2022-01-24 23:00:00+07:00,1010.7,129.2,1,0.0,100.0
2022-01-25 00:00:00+07:00,1011.86,128.3,1,0.0,100.0
2022-01-25 01:00:00+07:00,1010.88,126.22,1,0.0,100.0
2022-01-25 02:00:00+07:00,1008.19,122.99,1,0.0,100.0
2022-01-25 03:00:00+07:00,1006.16,121.69,1,0.0,100.0
2022-01-25 06:00:00+07:00,1008.53,124.77,1,0.0,100.0
2022-01-25 07:00:00+07:00,1009.74,126.36,1,0.0,100.0
2022-01-25 08:00:00+07:00,1012.76,127.91,1,0.0,100.0
2022-01-25 09:00:00+07:00,1013.96,128.13,1,0.0,100.0
2022-01-25 10:00:00+07:00,1015.19,129.2,1,0.0,100.0
2022-01-25 12:00:00+07:00,1017.02,131.57,1,0.0,100.0
2022-01-25 14:00:00+07:00,946.96,127.21,1,0.0,100.0
2022-01-27 09:00:00+07:00,1010.87,131.71,1,0.0,100.0
2022-01-27 10:00:00+07:00,1017.2,131.71,1,0.0,100.0
2022-01-27 11:00:00+07:00,1013.0,130.3,1,0.0,100.0
2022-01-27 12:00:00+07:00,1009.98,126.17,1,0.0,100.0
2022-01-27 13:00:00+07:00,1006.51,122.1,1,0.0,100.0
2022-01-27 14:00:00+07:00,967.13,124.12,1,0.0,100.0
2022-01-27 15:00:00+07:00,868.03,121.4,1,0.0,100.0
2022-01-27 16:00:00+07:00,989.66,125.73,1,0.0,100.0
2022-01-27 17:00:00+07:00,1006.25,124.41,1,0.0,100.0
2022-01-27 18:00:00+07:00,999.49,120.91,1,0.0,100.0
2022-01-27 19:00:00+07:00,999.19,119.92,1,0.0,100.0
2022-01-27 20:00:00+07:00,998.14,119.47,1,0.0,100.0
2022-01-27 21:00:00+07:00,998.32,119.35,1,0.0,100.0
2022-01-27 22:00:00+07:00,996.96,118.41,1,0.0,100.0
2022-01-27 23:00:00+07:00,988.76,118.48,1,0.0,100.0
2022-01-28 00:00:00+07:00,742.6,113.09,1,2.64,71.89
2022-01-28 08:00:00+07:00,834.88,108.09,1,0.51,93.82
2022-01-28 09:00:00+07:00,840.03,111.79,1,0.25,96.92
2022-01-28 10:00:00+07:00,844.73,113.75,1,0.1,98.76
2022-01-28 11:00:00+07:00,840.84,111.08,1,0.26,96.8
2022-01-28 12:00:00+07:00,844.11,112.88,1,0.14,98.27
2022-01-28 13:00:00+07:00,836.86,111.28,1,0.32,96.08
2022-01-28 14:00:00+07:00,829.98,110.15,1,0.49,94.06
2022-01-28 15:00:00+07:00,834.32,111.0,1,0.38,95.36
2022-01-28 16:00:00+07:00,844.19,111.36,1,0.2,97.53
2022-01-28 17:00:00+07:00,843.29,110.42,1,0.26,96.8
2022-01-28 18:00:00+07:00,846.69,114.82,1,0.04,99.5
2022-01-28 19:00:00+07:00,846.8,118.7,1,0.0,100.0
2022-01-28 20:00:00+07:00,842.94,117.47,1,0.05,99.38
2022-01-28 21:00:00+07:00,841.63,113.76,1,0.15,98.14
2022-01-28 22:00:00+07:00,838.76,112.84,1,0.23,97.17
2022-01-28 23:00:00+07:00,835.36,111.43,1,0.34,95.84
2022-01-29 00:00:00+07:00,833.11,109.61,1,0.46,94.41
2022-01-29 01:00:00+07:00,830.51,108.49,1,0.57,93.12
2022-01-29 02:00:00+07:00,832.16,109.46,1,0.49,94.06
2022-01-29 03:00:00+07:00,832.1,109.02,1,0.51,93.82
2022-01-29 04:00:00+07:00,829.35,107.6,1,0.64,92.31
2022-01-29 05:00:00+07:00,831.72,108.7,1,0.53,93.59
2022-01-29 06:00:00+07:00,831.66,109.4,1,0.5,93.94
2022-01-29 07:00:00+07:00,831.89,109.16,1,0.51,93.82
2022-01-29 08:00:00+07:00,829.95,109.67,1,0.51,93.82
2022-01-29 09:00:00+07:00,831.24,111.96,1,0.39,95.24
2022-01-29 10:00:00+07:00,836.58,114.04,1,0.23,97.17
2022-01-29 11:00:00+07:00,839.36,114.75,1,0.16,98.02
2022-01-29 12:00:00+07:00,838.33,115.19,1,0.17,97.9
2022-01-29 13:00:00+07:00,837.04,115.31,1,0.19,97.65
2022-01-29 14:00:00+07:00,834.4,116.16,1,0.22,97.29
2022-01-29 15:00:00+07:00,841.19,116.82,1,0.09,98.88
2022-01-29 16:00:00+07:00,844.44,117.11,1,0.03,99.63
2022-01-29 17:00:00+07:00,842.14,116.43,1,0.08,99.0
2022-01-29 18:00:00+07:00,842.01,116.48,1,0.08,99.0
2022-01-29 19:00:00+07:00,841.5,116.19,1,0.1,98.76
2022-01-29 20:00:00+07:00,842.52,116.66,1,0.07,99.13
2022-01-29 21:00:00+07:00,842.07,116.57,1,0.08,99.0
2022-01-29 22:00:00+07:00,841.8,115.8,1,0.1,98.76
2022-01-29 23:00:00+07:00,841.16,114.66,1,0.13,98.39
2022-01-30 00:00:00+07:00,836.12,111.86,1,0.31,96.2
2022-01-30 01:00:00+07:00,838.98,113.27,1,0.21,97.41
2022-01-30 02:00:00+07:00,835.39,110.95,1,0.36,95.6
2022-01-30 03:00:00+07:00,829.89,108.58,1,0.57,93.12
2022-01-30 04:00:00+07:00,831.32,109.2,1,0.51,93.82
2022-01-30 05:00:00+07:00,831.94,109.99,1,0.46,94.41
2022-01-30 06:00:00+07:00,830.22,109.62,1,0.51,93.82
2022-01-30 07:00:00+07:00,830.17,109.92,1,0.5,93.94
2022-01-30 08:00:00+07:00,833.68,112.29,1,0.34,95.84
2022-01-30 09:00:00+07:00,834.59,112.99,1,0.3,96.32
2022-01-30 10:00:00+07:00,836.41,114.66,1,0.22,97.29
2022-01-30 11:00:00+07:00,839.92,116.5,1,0.12,98.51
2022-01-30 12:00:00+07:00,840.87,116.46,1,0.1,98.76
2022-01-30 13:00:00+07:00,840.82,116.34,1,0.1,98.76
2022-01-30 14:00:00+07:00,842.05,116.46,1,0.08,99.0
2022-01-30 15:00:00+07:00,842.92,117.08,1,0.06,99.25
2022-01-30 16:00:00+07:00,844.04,118.26,1,0.03,99.63
2022-01-30 17:00:00+07:00,846.79,118.82,1,0.0,100.0
2022-01-30 18:00:00+07:00,844.81,118.25,1,0.01,99.88
2022-01-30 19:00:00+07:00,843.45,117.88,1,0.04,99.5
2022-01-30 20:00:00+07:00,842.79,118.4,1,0.05,99.38
2022-01-30 21:00:00+07:00,845.34,118.62,1,0.0,100.0
2022-01-30 22:00:00+07:00,844.8,118.52,1,0.01,99.88
2022-01-30 23:00:00+07:00,843.66,117.54,1,0.04,99.5
2022-01-31 00:00:00+07:00,842.55,116.31,1,0.08,99.0
2022-01-31 01:00:00+07:00,841.9,115.11,1,0.11,98.63
2022-01-31 02:00:00+07:00,840.33,112.35,1,0.22,97.29
2022-01-31 03:00:00+07:00,837.64,111.14,1,0.31,96.2
2022-01-31 04:00:00+07:00,835.89,110.38,1,0.38,95.36
2022-01-31 05:00:00+07:00,837.46,110.18,1,0.36,95.6
2022-01-31 06:00:00+07:00,838.26,111.67,1,0.28,96.56
2022-01-31 07:00:00+07:00,838.71,113.51,1,0.21,97.41
2022-01-31 08:00:00+07:00,839.29,114.5,1,0.17,97.9
2022-01-31 09:00:00+07:00,841.9,115.7,1,0.1,98.76
2022-01-31 10:00:00+07:00,842.27,116.34,1,0.08,99.0
2022-01-31 11:00:00+07:00,844.1,117.21,1,0.04,99.5
2022-01-31 12:00:00+07:00,843.24,118.07,1,0.04,99.5
2022-01-31 14:00:00+07:00,842.76,119.12,1,0.04,99.5
2022-01-31 16:00:00+07:00,854.22,119.09,1,0.0,100.0
2022-01-31 17:00:00+07:00,967.49,126.19,1,0.0,100.0
2022-01-31 18:00:00+07:00,968.95,125.78,1,0.0,100.0
2022-01-31 19:00:00+07:00,960.04,123.8,1,0.0,100.0
2022-01-31 20:00:00+07:00,965.02,123.86,1,0.0,100.0
2022-01-31 21:00:00+07:00,965.75,124.12,1,0.0,100.0
2022-01-31 22:00:00+07:00,965.42,123.98,1,0.0,100.0
2022-01-31 23:00:00+07:00,967.53,124.3,1,0.0,100.0
2022-02-01 00:00:00+07:00,963.04,123.79,1,0.0,100.0
2022-02-01 01:00:00+07:00,963.68,123.91,1,0.0,100.0
2022-02-01 02:00:00+07:00,960.97,123.86,1,0.0,100.0
2022-02-01 03:00:00+07:00,957.9,123.96,1,0.0,100.0
2022-02-01 04:00:00+07:00,963.23,123.71,1,0.0,100.0
2022-02-01 05:00:00+07:00,960.08,123.22,1,0.0,100.0
2022-02-01 06:00:00+07:00,962.1,123.72,1,0.0,100.0
2022-02-01 07:00:00+07:00,976.84,126.33,1,0.0,100.0
2022-02-01 08:00:00+07:00,988.0,128.18,1,0.0,100.0
2022-02-01 09:00:00+07:00,992.46,129.25,1,0.0,100.0
2022-02-01 10:00:00+07:00,993.0,129.39,1,0.0,100.0
2022-02-01 11:00:00+07:00,994.15,130.75,1,0.0,100.0
2022-02-01 12:00:00+07:00,993.15,130.95,1,0.0,100.0
2022-02-01 13:00:00+07:00,996.06,131.25,1,0.0,100.0
2022-02-01 14:00:00+07:00,996.73,131.79,1,0.0,100.0
2022-02-01 15:00:00+07:00,995.3,130.21,1,0.0,100.0
2022-02-01 16:00:00+07:00,990.33,127.17,1,0.0,100.0
2022-02-01 17:00:00+07:00,991.73,128.75,1,0.0,100.0
2022-02-01 18:00:00+07:00,994.82,129.05,1,0.0,100.0
2022-02-01 19:00:00+07:00,994.17,129.23,1,0.0,100.0
2022-02-01 20:00:00+07:00,994.62,129.42,1,0.0,100.0
2022-02-01 21:00:00+07:00,993.62,129.2,1,0.0,100.0
2022-02-01 22:00:00+07:00,994.66,129.24,1,0.0,100.0
2022-02-01 23:00:00+07:00,995.51,129.5,1,0.0,100.0
2022-02-02 00:00:00+07:00,990.0,127.98,1,0.0,100.0
2022-02-02 01:00:00+07:00,989.25,127.99,1,0.0,100.0
2022-02-02 02:00:00+07:00,987.3,127.47,1,0.0,100.0
2022-02-02 03:00:00+07:00,986.11,127.89,1,0.0,100.0
2022-02-02 04:00:00+07:00,985.92,127.46,1,0.0,100.0
2022-02-02 05:00:00+07:00,986.98,127.91,1,0.0,100.0
2022-02-02 06:00:00+07:00,987.6,127.53,1,0.0,100.0
2022-02-02 07:00:00+07:00,980.16,121.05,1,0.0,100.0
2022-02-02 08:00:00+07:00,972.51,116.05,1,0.0,100.0
2022-02-02 09:00:00+07:00,973.23,119.55,1,0.0,100.0
2022-02-02 10:00:00+07:00,981.78,124.55,1,0.0,100.0
2022-02-02 11:00:00+07:00,981.43,123.92,1,0.0,100.0
2022-02-02 12:00:00+07:00,980.5,123.18,1,0.0,100.0
2022-02-02 13:00:00+07:00,983.3,124.29,1,0.0,100.0
2022-02-02 14:00:00+07:00,981.29,121.21,1,0.0,100.0
2022-02-02 15:00:00+07:00,972.94,116.84,1,0.0,100.0
2022-02-02 16:00:00+07:00,974.0,116.97,1,0.0,100.0
2022-02-02 17:00:00+07:00,974.73,117.91,1,0.0,100.0
2022-02-02 18:00:00+07:00,983.01,123.81,1,0.0,100.0
2022-02-02 19:00:00+07:00,985.59,124.99,1,0.0,100.0
2022-02-02 20:00:00+07:00,987.14,125.66,1,0.0,100.0
2022-02-02 21:00:00+07:00,986.99,127.25,1,0.0,100.0
2022-02-02 22:00:00+07:00,987.0,127.42,1,0.0,100.0
2022-02-02 23:00:00+07:00,990.98,128.97,1,0.0,100.0
2022-02-03 00:00:00+07:00,992.54,130.04,1,0.0,100.0
2022-02-03 01:00:00+07:00,992.36,129.97,1,0.0,100.0
2022-02-03 02:00:00+07:00,991.24,129.52,1,0.0,100.0
2022-02-03 03:00:00+07:00,992.48,129.63,1,0.0,100.0
2022-02-03 04:00:00+07:00,995.48,129.41,1,0.0,100.0
2022-02-03 05:00:00+07:00,995.55,129.25,1,0.0,100.0
2022-02-03 06:00:00+07:00,992.34,129.32,1,0.0,100.0
2022-02-03 07:00:00+07:00,993.01,129.24,1,0.0,100.0
2022-02-03 08:00:00+07:00,994.88,130.61,1,0.0,100.0
2022-02-03 09:00:00+07:00,995.81,131.0,1,0.0,100.0
2022-02-03 10:00:00+07:00,993.69,131.52,1,0.0,100.0
2022-02-03 11:00:00+07:00,996.3,131.18,1,0.0,100.0
2022-02-03 12:00:00+07:00,996.44,132.24,1,0.0,100.0
2022-02-03 13:00:00+07:00,998.79,132.54,1,0.0,100.0
2022-02-03 14:00:00+07:00,999.08,132.86,1,0.0,100.0
2022-02-03 15:00:00+07:00,1001.36,133.61,1,0.0,100.0
2022-02-03 16:00:00+07:00,1002.04,132.85,1,0.0,100.0
2022-02-03 17:00:00+07:00,997.91,131.71,1,0.0,100.0
2022-02-03 18:00:00+07:00,997.01,131.0,1,0.0,100.0
2022-02-03 19:00:00+07:00,995.04,130.8,1,0.0,100.0
2022-02-03 20:00:00+07:00,991.28,130.83,1,0.0,100.0
2022-02-03 21:00:00+07:00,992.59,131.04,1,0.0,100.0
2022-02-03 22:00:00+07:00,993.03,129.86,1,0.0,100.0
2022-02-05 03:00:00+07:00,1005.41,133.2,1,0.0,100.0
2022-02-05 04:00:00+07:00,1003.99,132.8,1,0.0,100.0
2022-02-05 06:00:00+07:00,1006.41,133.33,1,0.0,100.0
2022-02-05 07:00:00+07:00,1007.63,133.27,1,0.0,100.0
2022-02-05 08:00:00+07:00,1008.53,133.34,1,0.0,100.0
2022-02-05 10:00:00+07:00,1014.02,135.26,1,0.0,100.0
2022-02-05 11:00:00+07:00,1010.72,134.34,1,0.0,100.0
2022-02-05 12:00:00+07:00,1012.27,134.68,1,0.0,100.0
2022-02-05 13:00:00+07:00,1010.16,133.91,1,0.0,100.0
2022-02-05 14:00:00+07:00,1011.1,135.03,1,0.0,100.0
2022-02-05 15:00:00+07:00,1010.5,134.7,1,0.0,100.0
2022-02-05 16:00:00+07:00,1007.81,133.91,1,0.0,100.0
2022-02-05 17:00:00+07:00,1009.68,133.58,1,0.0,100.0
2022-02-05 18:00:00+07:00,1005.6,132.93,1,0.0,100.0
2022-02-05 19:00:00+07:00,1005.31,132.35,1,0.0,100.0
2022-02-05 20:00:00+07:00,1004.32,131.84,1,0.0,100.0
2022-02-05 21:00:00+07:00,1007.02,132.54,1,0.0,100.0
2022-02-05 22:00:00+07:00,1008.89,132.64,1,0.0,100.0
2022-02-05 23:00:00+07:00,1008.69,132.7,1,0.0,100.0
2022-02-06 00:00:00+07:00,1005.7,132.24,1,0.0,100.0
2022-02-06 01:00:00+07:00,1007.12,133.02,1,0.0,100.0
2022-02-06 02:00:00+07:00,1004.59,131.67,1,0.0,100.0
2022-02-06 03:00:00+07:00,1003.14,130.96,1,0.0,100.0
2022-02-06 04:00:00+07:00,1002.67,130.47,1,0.0,100.0
2022-02-06 05:00:00+07:00,1001.48,130.04,1,0.0,100.0
2022-02-06 06:00:00+07:00,1000.28,129.26,1,0.0,100.0
2022-02-06 07:00:00+07:00,999.61,129.67,1,0.0,100.0
2022-02-06 08:00:00+07:00,1001.72,130.87,1,0.0,100.0
2022-02-06 09:00:00+07:00,1003.1,132.01,1,0.0,100.0
2022-02-06 10:00:00+07:00,1005.83,132.78,1,0.0,100.0
2022-02-06 11:00:00+07:00,1008.87,132.8,1,0.0,100.0
2022-02-06 12:00:00+07:00,1007.48,132.87,1,0.0,100.0
2022-02-06 13:00:00+07:00,1012.12,133.74,1,0.0,100.0
2022-02-06 14:00:00+07:00,1011.71,132.95,1,0.0,100.0
2022-02-06 15:00:00+07:00,1011.6,133.74,1,0.0,100.0
2022-02-06 16:00:00+07:00,1009.57,133.26,1,0.0,100.0
2022-02-06 17:00:00+07:00,999.52,129.35,1,0.0,100.0
2022-02-06 18:00:00+07:00,1001.64,129.68,1,0.0,100.0
2022-02-06 19:00:00+07:00,998.99,129.55,1,0.0,100.0
2022-02-06 20:00:00+07:00,996.03,126.27,1,0.0,100.0
2022-02-06 21:00:00+07:00,993.44,122.22,1,0.0,100.0
2022-02-06 22:00:00+07:00,988.84,120.25,1,0.0,100.0
2022-02-06 23:00:00+07:00,991.04,122.54,1,0.0,100.0
2022-02-07 00:00:00+07:00,984.81,117.74,1,0.0,100.0
2022-02-07 01:00:00+07:00,984.88,118.76,1,0.0,100.0
2022-02-07 02:00:00+07:00,985.19,119.03,1,0.0,100.0
2022-02-07 03:00:00+07:00,991.04,124.09,1,0.0,100.0
2022-02-07 04:00:00+07:00,993.59,127.4,1,0.0,100.0
2022-02-07 05:00:00+07:00,994.93,126.74,1,0.0,100.0
2022-02-07 06:00:00+07:00,996.22,127.91,1,0.0,100.0
2022-02-07 07:00:00+07:00,1001.26,129.99,1,0.0,100.0
2022-02-07 08:00:00+07:00,901.5,115.93,1,0.0,100.0
2022-02-07 09:00:00+07:00,954.02,119.24,1,0.0,100.0
2022-02-07 11:00:00+07:00,845.89,107.33,1,0.39,95.24
2022-02-07 12:00:00+07:00,851.81,115.57,1,0.0,100.0
2022-02-07 13:00:00+07:00,856.72,120.72,1,0.0,100.0
2022-02-07 14:00:00+07:00,860.78,123.8,1,0.0,100.0
2022-02-07 15:00:00+07:00,861.38,123.83,1,0.0,100.0
2022-02-07 16:00:00+07:00,862.84,124.75,1,0.0,100.0
2022-02-07 17:00:00+07:00,863.72,124.72,1,0.0,100.0
2022-02-07 18:00:00+07:00,862.01,123.14,1,0.0,100.0
2022-02-07 19:00:00+07:00,861.47,123.55,1,0.0,100.0
2022-02-07 20:00:00+07:00,861.78,122.05,1,0.0,100.0
2022-02-07 21:00:00+07:00,861.69,122.78,1,0.0,100.0
2022-02-07 22:00:00+07:00,860.54,122.0,1,0.0,100.0
2022-02-07 23:00:00+07:00,859.18,117.84,1,0.0,100.0
2022-02-08 00:00:00+07:00,860.21,118.31,1,0.0,100.0
2022-02-08 01:00:00+07:00,863.33,118.34,1,0.0,100.0
2022-02-08 02:00:00+07:00,863.25,114.7,1,0.0,100.0
2022-02-08 03:00:00+07:00,859.17,114.73,1,0.0,100.0
2022-02-08 04:00:00+07:00,859.51,114.17,1,0.0,100.0
2022-02-08 05:00:00+07:00,864.43,116.99,1,0.0,100.0
2022-02-08 06:00:00+07:00,863.2,116.2,1,0.0,100.0
2022-02-08 07:00:00+07:00,860.08,112.28,1,0.0,100.0
2022-02-08 08:00:00+07:00,866.21,120.34,1,0.0,100.0
2022-02-08 09:00:00+07:00,871.72,122.77,1,0.0,100.0
2022-02-08 10:00:00+07:00,874.88,125.37,1,0.0,100.0
2022-02-08 11:00:00+07:00,877.28,125.6,1,0.0,100.0
2022-02-08 12:00:00+07:00,879.57,127.36,1,0.0,100.0
2022-02-08 13:00:00+07:00,882.67,127.37,1,0.0,100.0
2022-02-08 14:00:00+07:00,883.45,127.4,1,0.0,100.0
2022-02-08 15:00:00+07:00,885.58,128.4,1,0.0,100.0
2022-02-08 16:00:00+07:00,885.58,127.89,1,0.0,100.0
2022-02-08 17:00:00+07:00,885.46,127.52,1,0.0,100.0
2022-02-08 18:00:00+07:00,882.07,125.86,1,0.0,100.0
2022-02-08 19:00:00+07:00,874.25,125.79,1,0.0,100.0
2022-02-08 20:00:00+07:00,873.94,125.43,1,0.0,100.0
2022-02-09 02:00:00+07:00,873.23,124.66,1,0.0,100.0
2022-02-09 03:00:00+07:00,874.64,126.35,1,0.0,100.0
2022-02-09 05:00:00+07:00,874.07,126.66,1,0.0,100.0
2022-02-09 06:00:00+07:00,873.61,126.72,1,0.0,100.0
2022-02-09 07:00:00+07:00,876.83,126.89,1,0.0,100.0
2022-02-09 08:00:00+07:00,876.78,127.42,1,0.0,100.0
2022-02-09 09:00:00+07:00,875.51,127.82,1,0.0,100.0
2022-02-09 10:00:00+07:00,881.92,129.2,1,0.0,100.0
2022-02-09 11:00:00+07:00,885.87,129.05,1,0.0,100.0
2022-02-09 12:00:00+07:00,883.96,129.2,1,0.0,100.0
2022-02-09 13:00:00+07:00,882.98,129.15,1,0.0,100.0
2022-02-09 15:00:00+07:00,880.07,129.45,1,0.0,100.0
2022-02-09 17:00:00+07:00,880.35,128.4,1,0.0,100.0
2022-02-09 18:00:00+07:00,878.96,127.17,1,0.0,100.0
2022-02-09 19:00:00+07:00,880.39,126.37,1,0.0,100.0
2022-02-09 21:00:00+07:00,881.73,124.56,1,0.0,100.0
2022-02-09 22:00:00+07:00,877.35,123.8,1,0.0,100.0
2022-02-09 23:00:00+07:00,878.11,122.35,1,0.0,100.0
2022-02-10 00:00:00+07:00,876.7,123.21,1,0.0,100.0
2022-02-10 01:00:00+07:00,877.67,123.14,1,0.0,100.0
2022-02-10 02:00:00+07:00,878.72,123.13,1,0.0,100.0
2022-02-10 03:00:00+07:00,877.1,123.8,1,0.0,100.0
2022-02-10 04:00:00+07:00,878.71,123.99,1,0.0,100.0
2022-02-10 05:00:00+07:00,879.79,124.99,1,0.0,100.0
2022-02-10 06:00:00+07:00,880.67,125.52,1,0.0,100.0
2022-02-10 07:00:00+07:00,879.77,125.6,1,0.0,100.0
2022-02-10 09:00:00+07:00,881.79,127.36,1,0.0,100.0
2022-02-10 10:00:00+07:00,879.01,127.52,1,0.0,100.0
2022-02-10 11:00:00+07:00,880.21,127.43,1,0.0,100.0
2022-02-10 12:00:00+07:00,880.03,127.08,1,0.0,100.0
2022-02-10 13:00:00+07:00,879.49,127.61,1,0.0,100.0
2022-02-10 14:00:00+07:00,881.62,124.74,1,0.0,100.0
2022-02-10 15:00:00+07:00,881.49,123.83,1,0.0,100.0
2022-02-10 16:00:00+07:00,879.86,123.76,1,0.0,100.0
2022-02-11 02:00:00+07:00,907.11,124.08,1,0.0,100.0
2022-02-11 03:00:00+07:00,909.83,123.96,1,0.0,100.0
2022-02-11 04:00:00+07:00,906.67,123.51,1,0.0,100.0
2022-02-11 05:00:00+07:00,907.2,123.81,1,0.0,100.0
2022-02-11 06:00:00+07:00,905.69,123.48,1,0.0,100.0
2022-02-11 07:00:00+07:00,907.26,124.15,1,0.0,100.0
2022-02-11 08:00:00+07:00,906.73,124.91,1,0.0,100.0
2022-02-11 09:00:00+07:00,907.2,124.86,1,0.0,100.0
2022-02-11 10:00:00+07:00,906.61,124.53,1,0.0,100.0
2022-02-11 11:00:00+07:00,904.63,125.09,1,0.0,100.0
2022-02-11 12:00:00+07:00,907.22,125.8,1,0.0,100.0
2022-02-11 13:00:00+07:00,907.17,125.7,1,0.0,100.0
2022-02-11 14:00:00+07:00,907.61,126.24,1,0.0,100.0
2022-02-11 15:00:00+07:00,906.42,125.81,1,0.0,100.0
2022-02-11 17:00:00+07:00,908.02,124.91,1,0.0,100.0
2022-02-11 18:00:00+07:00,906.11,122.64,1,0.0,100.0
2022-02-11 19:00:00+07:00,905.02,121.03,1,0.0,100.0
2022-02-11 20:00:00+07:00,904.42,123.03,1,0.0,100.0
2022-02-11 21:00:00+07:00,900.88,121.73,1,0.0,100.0
2022-02-11 22:00:00+07:00,899.51,122.33,1,0.0,100.0
2022-02-11 23:00:00+07:00,901.76,122.05,1,0.0,100.0
2022-02-12 00:00:00+07:00,901.5,121.37,1,0.0,100.0
2022-02-12 01:00:00+07:00,901.83,121.45,1,0.0,100.0
2022-02-12 02:00:00+07:00,900.9,120.2,1,0.0,100.0
2022-02-12 03:00:00+07:00,900.36,120.17,1,0.0,100.0
2022-02-12 04:00:00+07:00,905.2,120.37,1,0.0,100.0
2022-02-12 05:00:00+07:00,905.03,121.64,1,0.0,100.0
2022-02-12 06:00:00+07:00,905.01,121.41,1,0.0,100.0
2022-02-12 07:00:00+07:00,904.31,121.93,1,0.0,100.0
2022-02-12 08:00:00+07:00,904.84,123.33,1,0.0,100.0
2022-02-12 09:00:00+07:00,906.42,123.84,1,0.0,100.0
2022-02-12 10:00:00+07:00,908.06,125.19,1,0.0,100.0
2022-02-12 11:00:00+07:00,909.23,125.52,1,0.0,100.0
2022-02-12 12:00:00+07:00,907.04,123.11,1,0.0,100.0
2022-02-12 14:00:00+07:00,895.89,120.15,1,0.0,100.0
2022-02-12 15:00:00+07:00,885.83,120.97,1,0.0,100.0
2022-02-12 16:00:00+07:00,897.74,121.27,1,0.0,100.0
2022-02-12 17:00:00+07:00,903.04,122.06,1,0.0,100.0
2022-02-12 18:00:00+07:00,905.27,123.65,1,0.0,100.0
2022-02-12 19:00:00+07:00,906.4,122.8,1,0.0,100.0
2022-02-12 20:00:00+07:00,906.22,121.7,1,0.0,100.0
2022-02-12 21:00:00+07:00,908.01,121.95,1,0.0,100.0
2022-02-12 22:00:00+07:00,910.52,123.06,1,0.0,100.0
2022-02-12 23:00:00+07:00,908.71,123.07,1,0.0,100.0
2022-02-13 00:00:00+07:00,906.8,123.27,1,0.0,100.0
2022-02-13 01:00:00+07:00,909.96,123.81,1,0.0,100.0
2022-02-13 02:00:00+07:00,907.19,122.18,1,0.0,100.0
2022-02-13 03:00:00+07:00,906.09,121.19,1,0.0,100.0
2022-02-13 04:00:00+07:00,906.07,120.87,1,0.0,100.0
2022-02-13 05:00:00+07:00,906.58,120.56,1,0.0,100.0
2022-02-13 06:00:00+07:00,906.04,120.9,1,0.0,100.0
2022-02-13 07:00:00+07:00,911.66,123.87,1,0.0,100.0
2022-02-13 08:00:00+07:00,912.28,124.77,1,0.0,100.0
2022-02-13 10:00:00+07:00,913.48,125.7,1,0.0,100.0
2022-02-13 11:00:00+07:00,913.14,125.49,1,0.0,100.0
2022-02-13 12:00:00+07:00,913.33,126.36,1,0.0,100.0
2022-02-13 13:00:00+07:00,912.97,127.04,1,0.0,100.0
2022-02-13 14:00:00+07:00,915.11,127.85,1,0.0,100.0
2022-02-13 15:00:00+07:00,915.63,128.66,1,0.0,100.0
2022-02-13 16:00:00+07:00,911.89,128.09,1,0.0,100.0
2022-02-13 17:00:00+07:00,911.36,127.4,1,0.0,100.0
2022-02-13 18:00:00+07:00,912.31,126.16,1,0.0,100.0
2022-02-13 19:00:00+07:00,912.04,126.11,1,0.0,100.0
2022-02-13 20:00:00+07:00,911.02,125.85,1,0.0,100.0
2022-02-13 21:00:00+07:00,911.1,125.61,1,0.0,100.0
2022-02-13 22:00:00+07:00,908.34,125.39,1,0.0,100.0
2022-02-13 23:00:00+07:00,911.56,125.37,1,0.0,100.0
2022-02-14 00:00:00+07:00,911.76,124.35,1,0.0,100.0
2022-02-14 01:00:00+07:00,911.16,123.89,1,0.0,100.0
2022-02-14 02:00:00+07:00,911.04,124.43,1,0.0,100.0
2022-02-14 03:00:00+07:00,910.05,123.66,1,0.0,100.0
2022-02-14 04:00:00+07:00,907.47,121.91,1,0.0,100.0
2022-02-14 05:00:00+07:00,908.93,124.3,1,0.0,100.0
2022-02-14 06:00:00+07:00,909.13,124.01,1,0.0,100.0
2022-02-14 07:00:00+07:00,910.51,124.66,1,0.0,100.0
2022-02-14 08:00:00+07:00,910.45,125.09,1,0.0,100.0
2022-02-14 09:00:00+07:00,900.13,124.88,1,0.0,100.0
2022-02-14 10:00:00+07:00,898.46,125.5,1,0.0,100.0
2022-02-14 11:00:00+07:00,900.39,126.31,1,0.0,100.0
2022-02-14 12:00:00+07:00,899.06,126.08,1,0.0,100.0
